SenatorDurbin,@MarkWarner,@SenatorHick,@HawleyMO,@SenWhitehouse,@SenTuberville,@RonWyden,@SenCortezMasto,@SenJohnThune,@ChrisVanHollen,@SenBooker,@ChuckGrassley,@maziehirono,@SenRickScott,@SenatorBaldwin,@SenJeffMerkley,@SenSchumer,@SenMullin,@SenatorBennet,@SenatorDurbin,@SenMarkey,@marcorubio,@SenAlexPadilla,@SenStabenow,@SenBlumenthal,@SenatorMenendez,@SenatorTimScott,@LeaderMcConnell,@SenatorWicker,@JohnCornyn,@SenAngusKing,@SenGillibrand,@MarshaBlackburn,@SenJohnKennedy,@SenSherrodBrown,@JeffMerkley,@SenAmyKlobuchar,@SenatorHeinrich,@SenCapito,@RogerMarshallMD,@PattyMurray,@SenTedCruz,@ossoff,@SenBobCasey,@SenKevinCramer,@SenSanders,@SenWarren,@SenatorCollins,@SenGaryPeters,@SenDuckworth,@SenJackyRosen
BillCassidy,@SenJohnKennedy,@MarshaBlackburn,@SenLummis,@SenatorBraun,@lisamurkowski,@SenJohnBarrasso,@SenCapito,@RonWyden,@MikeCrapo,@RogerMarshallMD,@SenJohnThune,@SenTedBuddNC,@SenJohnHoeven,@SenKevinCramer,@SenSanders,@ChrisCoons,@SenatorCollins,@JohnBoozman,@LeaderMcConnell,@BillCassidy,@SenatorWicker,@JohnCornyn,@SenTomCotton,@SenGillibrand,,,,,,,,,,,,,,,,,,,,,,,,,,
brianschatz,@SenSanders,@ChrisCoons,@SenWarren,@SenJackReed,@JeffMerkley,@ChrisVanHollen,@maziehirono,@SenatorShaheen,@SenFettermanPA,@SenGaryPeters,@ChrisMurphyCT,@SenSchumer,@SenJackyRosen,@brianschatz,,,,,,,,,,,,,,,,,,,,,,,,,,,,,,,,,,,,
ChrisCoons,@ChrisCoons,@JeffMerkley,@SenatorMenendez,@SenJoniErnst,@ChrisVanHollen,@SenTedCruz,@SenatorRisch,@SenatorShaheen,@SenThomTillis,@SenatorWicker,@ChrisMurphyCT,@SenTomCotton,@brianschatz,@SenatorHagerty,,,,,,,,,,,,,,,,,,,,,,,,,,,,,,,,,,,,
ChrisMurphyCT,@SenSherrodBrown,@SenJackReed,@SenWhitehouse,@JeffMerkley,@PattyMurray,@ChrisVanHollen,@maziehirono,@SenatorShaheen,@ChrisMurphyCT,@SenJeffMerkley,@SenSchumer,@ossoff,@SenBobCasey,@brianschatz,@SenatorDurbin,@SenSanders,@ChrisCoons,@SenMarkey,@SenWarren,@SenTinaSmith,@SenPeterWelch,@SenatorCollins,@SenAlexPadilla,@SenBlumenthal,@JohnCornyn,@SenAngusKing,@SenGillibrand,,,,,,,,,,,,,,,,,,,,,,,
ChrisVanHollen,@MarkWarner,@SenSherrodBrown,@JeffMerkley,@SenatorCardin,@ChrisVanHollen,@SenatorShaheen,@SenVancePress,@ChrisMurphyCT,@SenJeffMerkley,@SenSchumer,@brianschatz,@SenatorDurbin,@SenSanders,@ChrisCoons,@SenMarkey,@marcorubio,@SenWarren,@SenPeterWelch,@SenBlumenthal,@SenatorRisch,,,,,,,,,,,,,,,,,,,,,,,,,,,,,,
ChuckGrassley,@MarshaBlackburn,@SenTuberville,@HawleyMO,@SenJohnThune,@SenRonJohnson,@SenTedCruz,@ChuckGrassley,@SenRickScott,@SenSchumer,@SenMikeLee,@SenatorDurbin,@marcorubio,@SenRandPaul,@SenJoniErnst,@SenatorTimScott,@LeaderMcConnell,@JohnCornyn,@SenTomCotton,,,,,,,,,,,,,,,,,,,,,,,,,,,,,,,,
HawleyMO,@MarshaBlackburn,@SenJohnKennedy,@SenTuberville,@SenatorBraun,@HawleyMO,@SenatorRicketts,@SenRonJohnson,@SenTedCruz,@ChuckGrassley,@SenRickScott,@ossoff,@SenSchumer,@SteveDaines,@SenJohnHoeven,@SenMullin,@SenatorHagerty,@SenatorDurbin,@marcorubio,@SenatorCollins,@SenRandPaul,@SenatorFischer,@SenBlumenthal,@LeaderMcConnell,@JohnCornyn,@SenTomCotton,@SenatorRisch,,,,,,,,,,,,,,,,,,,,,,,,
JeffMerkley,@SenSanders,@ChrisCoons,@marcorubio,@SenWarren,@JeffMerkley,@RonWyden,@ChrisVanHollen,@SenatorShaheen,@ChrisMurphyCT,@SenSchumer,@brianschatz,,,,,,,,,,,,,,,,,,,,,,,,,,,,,,,,,,,,,,,
JerryMoran,@MarshaBlackburn,@SenJohnKennedy,@SenLummis,@MarkWarner,@SenTuberville,@SenDanSullivan,@MikeCrapo,@RogerMarshallMD,@SenJohnThune,@SenTedCruz,@JerryMoran,@SenatorBaldwin,@SenSchumer,@SteveDaines,@SenJohnHoeven,@SenatorHagerty,@SenWarren,@SenatorTester,@LeaderMcConnell,@SenDuckworth,@SenMikeLee,@SenGillibrand,,,,,,,,,,,,,,,,,,,,,,,,,,,,
JoeManchinIII,,,,,,,,,,,,,,,,,,,,,,,,,,,,,,,,,,,,,,,,,,,,,,,,,,
JohnBoozman,@MarshaBlackburn,@SenKatieBritt,@SenatorBraun,@lisamurkowski,@SenJohnBarrasso,@SenCapito,@SenDanSullivan,@MikeCrapo,@RogerMarshallMD,@SenTedCruz,@JerryMoran,@SenTedBuddNC,@SteveDaines,@Senlaphonza,@SenSanders,@JohnBoozman,@SenatorCollins,@SenStabenow,@SenatorTester,@SenJoniErnst,@SenThomTillis,@BillCassidy,@SenTomCotton,@SenatorRisch,,,,,,,,,,,,,,,,,,,,,,,,,,
JohnCornyn,@MarshaBlackburn,@SenJohnKennedy,@HawleyMO,@SenAmyKlobuchar,@SenJohnBarrasso,@SenatorRicketts,@SenatorRomney,@SenJohnThune,@SenTedCruz,@SenRickScott,@ChuckGrassley,@ChrisMurphyCT,@SenTedBuddNC,@SenMikeLee,@marcorubio,@LeaderMcConnell,@SenThomTillis,@JohnCornyn,@SenTomCotton,,,,,,,,,,,,,,,,,,,,,,,,,,,,,,,
LeaderMcConnell,@SenTuberville,@HawleyMO,@SenWhitehouse,@SenJohnBarrasso,@SenatorRomney,@MikeCrapo,@SenJohnThune,@ChuckGrassley,@SenRickScott,@SenToddYoung,@SenSchumer,@SenatorDurbin,@SenMarkKelly,@marcorubio,@SenAlexPadilla,@SenBlumenthal,@SenJoniErnst,@LeaderMcConnell,@SenatorWicker,@JohnCornyn,@SenMikeLee,@SenTomCotton,@SenGillibrand,@SenatorRisch,@MarshaBlackburn,@SenJohnKennedy,@SenSherrodBrown,@lisamurkowski,@SenDanSullivan,@SenCapito,@SenRonJohnson,@SenTedCruz,@PattyMurray,@ossoff,@SenatorRounds,@SenSanders,@SenWarren,@SenatorCollins,@SenRandPaul,@SenatorTester,@SenThomTillis,@BillCassidy,@SenDuckworth,,,,,,,
lisamurkowski,@SenKatieBritt,@SenJohnBarrasso,@SenatorRomney,@SenCortezMasto,@SenJohnThune,@SenRickScott,@SenatorBaldwin,@SenSchumer,@SenJohnHoeven,@SenatorBennet,@JohnBoozman,@SenBlumenthal,@SenJoniErnst,@SenatorTimScott,@LeaderMcConnell,@JohnCornyn,@SenTomCotton,@SenMikeLee,@MarshaBlackburn,@SenatorBraun,@SenJohnKennedy,@lisamurkowski,@SenDanSullivan,@RogerMarshallMD,@PattyMurray,@SenRonJohnson,@SenTedCruz,@SenatorHassan,@SteveDaines,@SenKevinCramer,@SenBobCasey,@SenatorRounds,@SenSanders,@ChrisCoons,@SenWarren,@SenatorCollins,@SenRandPaul,@SenThomTillis,@BillCassidy,,,,,,,,,,,
marcorubio,@SenJohnKennedy,@MarshaBlackburn,@MarkWarner,@SenTuberville,@HawleyMO,@SenJohnThune,@SenRonJohnson,@SenTedCruz,@SenatorCardin,@SenRickScott,@ChuckGrassley,@ChrisVanHollen,@PattyMurray,@SenSchumer,@SenMikeLee,@marcorubio,@SenatorCollins,@SenBlumenthal,@LeaderMcConnell,@SenatorWicker,@JohnCornyn,@SenTomCotton,@SenGillibrand,@SenatorRisch,,,,,,,,,,,,,,,,,,,,,,,,,,
MarkWarner,@SenJohnKennedy,@marcorubio,@MarkWarner,@SenWhitehouse,@RonWyden,@MikeCrapo,@SenTimKaine,@SenSchumer,@SenGillibrand,@SenatorDurbin,,,,,,,,,,,,,,,,,,,,,,,,,,,,,,,,,,,,,,,,
MarshaBlackburn,@SenKatieBritt,@SenTuberville,@HawleyMO,@SenJohnBarrasso,@SenCortezMasto,@ChuckGrassley,@SenRickScott,@SenVancePress,@SenSchumer,@SenatorHagerty,@SenatorDurbin,@SenMarkey,@marcorubio,@JohnBoozman,@SenJoniErnst,@SenatorTimScott,@LeaderMcConnell,@SenatorLankford,@JohnCornyn,@SenTomCotton,@SenMikeLee,@SenatorRisch,@SenatorLujan,@MarshaBlackburn,@SenatorBraun,@SenJohnKennedy,@SenCapito,@SenDanSullivan,@RogerMarshallMD,@SenRonJohnson,@SenTedCruz,@SenatorHassan,@JerryMoran,@ossoff,@SenTedBuddNC,@SteveDaines,@Senlaphonza,@SenKevinCramer,@SenSanders,@SenWarren,@SenRandPaul,@SenThomTillis,,,,,,,,
maziehirono,@MarkWarner,@HawleyMO,@SenWhitehouse,@RonWyden,@SenCortezMasto,@maziehirono,@SenatorBaldwin,@SenatorShaheen,@SenJeffMerkley,@SenSchumer,@brianschatz,@SenatorBennet,@SenatorDurbin,@SenMarkey,@SenatorCantwell,@SenStabenow,@SenatorMenendez,@SenAngusKing,@SenGillibrand,@SenSherrodBrown,@SenJackReed,@SenAmyKlobuchar,@PattyMurray,@SenatorHassan,@ChrisMurphyCT,@SenBobCasey,@SenWarren,@SenatorCollins,@SenDuckworth,@SenTinaSmith,@SenJackyRosen,,,,,,,,,,,,,,,,,,,
MikeCrapo,@SenJohnKennedy,@MarkWarner,@SenSherrodBrown,@RonWyden,@SenDanSullivan,@SenatorRicketts,@MikeCrapo,@SenJohnBarrasso,@SenatorCardin,@SenTedCruz,@JerryMoran,@SteveDaines,@SenKevinCramer,@SenatorDurbin,@SenRandPaul,@SenatorCollins,@SenStabenow,@SenatorTester,@SenJoniErnst,@SenatorTimScott,@BillCassidy,@JohnCornyn,@SenatorRisch,,,,,,,,,,,,,,,,,,,,,,,,,,,
ossoff,@MarshaBlackburn,@SenTuberville,@MarkWarner,@HawleyMO,@SenWhitehouse,@SenSherrodBrown,@RonWyden,@SenJohnThune,@PattyMurray,@SenTedCruz,@SenBooker,@maziehirono,@ChrisMurphyCT,@SenJeffMerkley,@ossoff,@SenSchumer,@SenatorSinema,@SenatorDurbin,@SenSanders,@SenMarkey,@SenMarkKelly,@SenWarren,@SenAlexPadilla,@ReverendWarnock,@SenBlumenthal,@LeaderMcConnell,@SenGillibrand,@SenatorRisch,,,,,,,,,,,,,,,,,,,,,,
PattyMurray,@SenJohnKennedy,@SenTuberville,@SenSherrodBrown,@lisamurkowski,@SenDanSullivan,@SenatorRomney,@PattyMurray,@ChrisVanHollen,@ChrisMurphyCT,@SenJeffMerkley,@SenSchumer,@brianschatz,@SenMarkey,@SenSanders,@marcorubio,@SenatorCantwell,@SenWarren,@SenPeterWelch,@SenatorCollins,@SenAlexPadilla,@SenStabenow,@SenGaryPeters,@LeaderMcConnell,@SenDuckworth,@SenGillibrand,,,,,,,,,,,,,,,,,,,,,,,,,
ReverendWarnock,@SenSanders,@SenWarren,@SenWhitehouse,@ReverendWarnock,@SenTedCruz,@SenBooker,@SenatorTimScott,@LeaderMcConnell,@ossoff,@SenSchumer,,,,,,,,,,,,,,,,,,,,,,,,,,,,,,,,,,,,,,,,
RogerMarshallMD,@MarshaBlackburn,@SenJohnKennedy,@SenTuberville,@SenSherrodBrown,@HawleyMO,@SenLummis,@SenatorRicketts,@RogerMarshallMD,@SenTedCruz,@JerryMoran,@SenRickScott,@SenVancePress,@SenTedBuddNC,@SenSchumer,@SenatorDurbin,@SenWarren,@SenPeterWelch,@SenRandPaul,@JohnBoozman,@LeaderMcConnell,@SenThomTillis,@BillCassidy,@SenatorWicker,@SenMikeLee,@SenGillibrand,@SenEricSchmitt,,,,,,,,,,,,,,,,,,,,,,,,
RonWyden,@MarkWarner,@SenSherrodBrown,@SenJackReed,@SenWhitehouse,@JeffMerkley,@RonWyden,@MikeCrapo,@SenTedCruz,@maziehirono,@SenJeffMerkley,@SenSchumer,@SenBobCasey,@SenMikeLee,@SenatorDurbin,@SenSanders,@SenMarkey,@SenMarkKelly,@SenWarren,@SenAlexPadilla,@SenStabenow,@SenBlumenthal,@SenJoniErnst,@JohnCornyn,@SenDuckworth,@SenAngusKing,,,,,,,,,,,,,,,,,,,,,,,,,
SenAlexPadilla,@SenatorBraun,@SenJackReed,@SenatorHeinrich,@RonWyden,@SenJohnBarrasso,@SenatorRicketts,@SenatorCardin,@SenToddYoung,@ossoff,@ChrisMurphyCT,@SenSchumer,@SenKevinCramer,@Senlaphonza,@SenMarkey,@SenWarren,@SenPeterWelch,@SenAlexPadilla,@SenatorMenendez,@SenBlumenthal,@SenatorTimScott,@LeaderMcConnell,@SenFettermanPA,,,,,,,,,,,,,,,,,,,,,,,,,,,,
SenAmyKlobuchar,@MarshaBlackburn,@SenSherrodBrown,@SenWhitehouse,@SenAmyKlobuchar,@SenCapito,@SenJohnThune,@SenatorCardin,@SenBooker,@SenatorBaldwin,@ChrisMurphyCT,@SenSchumer,@SenatorCarper,@SenBobCasey,@SenatorDurbin,@ChrisCoons,@SenWarren,@SenatorCollins,@SenatorFischer,@SenBlumenthal,@SenatorTester,@SenatorMenendez,@LeaderMcConnell,@JohnCornyn,@SenTinaSmith,,,,,,,,,,,,,,,,,,,,,,,,,,
SenAngusKing,@MarshaBlackburn,@SenWhitehouse,@lisamurkowski,@SenatorHeinrich,@RonWyden,@SenJohnBarrasso,@PattyMurray,@SenJeffMerkley,@ChrisMurphyCT,@SenSchumer,@SenatorSinema,@SenSanders,@SenMarkKelly,@SenWarren,@SenatorCollins,@SenatorTester,@SenBlumenthal,@SenAngusKing,@SenGillibrand,,,,,,,,,,,,,,,,,,,,,,,,,,,,,,,
SenatorBaldwin,@SenWhitehouse,@SenCortezMasto,@maziehirono,@SenatorBaldwin,@SenatorShaheen,@SenBooker,@SenSchumer,@SenatorBennet,@SenatorDurbin,@SenMarkKelly,@SenatorCantwell,@SenStabenow,@SenBlumenthal,@SenatorMenendez,@SenGillibrand,@SenSherrodBrown,@SenAmyKlobuchar,@SenCapito,@SenRonJohnson,@PattyMurray,@SenatorHassan,@SenatorCardin,@JerryMoran,@ChrisMurphyCT,@SenatorCarper,@SenBobCasey,@SenSanders,@SenWarren,@SenatorCollins,@SenTimKaine,@SenatorTester,@SenDuckworth,@SenTinaSmith,@SenJackyRosen,,,,,,,,,,,,,,,,
SenatorBennet,@SenatorHick,@SenSherrodBrown,@SenWhitehouse,@SenAmyKlobuchar,@lisamurkowski,@maziehirono,@SenatorBaldwin,@SenatorShaheen,@ChrisMurphyCT,@SenSchumer,@SenatorBennet,@SenatorDurbin,@SenMarkKelly,@SenWarren,@SenatorTester,@SenTimKaine,@LeaderMcConnell,@SenJackyRosen,,,,,,,,,,,,,,,,,,,,,,,,,,,,,,,,
SenatorBraun,@SenKatieBritt,@SenTuberville,@SenLummis,@HawleyMO,@SenJohnBarrasso,@SenRickScott,@ChuckGrassley,@SenToddYoung,@SenatorShaheen,@SenVancePress,@SenSchumer,@JohnBoozman,@SenAlexPadilla,@SenJoniErnst,@SenatorTimScott,@LeaderMcConnell,@SenMikeLee,@SenTomCotton,@SenGillibrand,@SenatorRisch,@MarshaBlackburn,@SenatorBraun,@SenJohnKennedy,@SenSherrodBrown,@lisamurkowski,@SenDanSullivan,@SenCapito,@SenatorRicketts,@RogerMarshallMD,@SenRonJohnson,@SenTedCruz,@SenatorCardin,@SenatorHassan,@PattyMurray,@SenTedBuddNC,@SteveDaines,@SenKevinCramer,@ChrisCoons,@SenGaryPeters,@SenThomTillis,@BillCassidy,@SenEricSchmitt,,,,,,,,
SenatorCantwell,@SenatorHick,@SenAmyKlobuchar,@SenCortezMasto,@PattyMurray,@maziehirono,@SenatorHassan,@SenatorShaheen,@SenatorBaldwin,@SenSanders,@SenatorCantwell,@SenWarren,@SenJackyRosen,@SenStabenow,@SenDuckworth,@SenTinaSmith,@SenGillibrand,,,,,,,,,,,,,,,,,,,,,,,,,,,,,,,,,,
SenatorCardin,@MarshaBlackburn,@SenKatieBritt,@MarkWarner,@SenJackReed,@RonWyden,@SenCapito,@SenJohnBarrasso,@MikeCrapo,@SenatorRicketts,@SenatorCardin,@ChrisVanHollen,@PattyMurray,@SenJeffMerkley,@SenTedBuddNC,@Senlaphonza,@ChrisCoons,@JohnBoozman,@SenAlexPadilla,@SenBlumenthal,@SenatorTimScott,@SenatorLankford,@SenatorRisch,,,,,,,,,,,,,,,,,,,,,,,,,,,,
SenatorCarper,@MarshaBlackburn,@SenKatieBritt,@SenSherrodBrown,@SenJackReed,@SenWhitehouse,@SenAmyKlobuchar,@SenatorHeinrich,@SenCapito,@SenatorCardin,@SenatorBaldwin,@ChrisMurphyCT,@SenSchumer,@SenTedBuddNC,@SenatorCarper,@SenBobCasey,@Senlaphonza,@SenatorDurbin,@SenSanders,@ChrisCoons,@SenatorCantwell,@JohnBoozman,@SenatorCollins,@SenatorTester,@SenatorMenendez,@SenGaryPeters,,,,,,,,,,,,,,,,,,,,,,,,,
SenatorCollins,@HawleyMO,@SenWhitehouse,@lisamurkowski,@SenCapito,@SenCortezMasto,@SenatorRomney,@SenJohnThune,@PattyMurray,@SenTedCruz,@SenAngusKing,@SenRonJohnson,@SenatorBaldwin,@ChrisMurphyCT,@SenJeffMerkley,@SenSchumer,@SenTedBuddNC,@SenBobCasey,@SenKevinCramer,@SenatorDurbin,@ChrisCoons,@marcorubio,@SenTinaSmith,@SenatorCollins,@SenatorMenendez,@SenJoniErnst,@SenatorTimScott,@LeaderMcConnell,@BillCassidy,@JohnCornyn,@SenTomCotton,@SenJackyRosen,,,,,,,,,,,,,,,,,,,
SenatorFischer,@SenTuberville,@SenAmyKlobuchar,@SenatorHeinrich,@SenatorRicketts,@MikeCrapo,@SenAlexPadilla,@SenatorFischer,@SenJohnThune,@SenJoniErnst,@SenTedCruz,@ChuckGrassley,@SenatorWicker,@SenSchumer,@SenTinaSmith,@SteveDaines,@SenKevinCramer,@SenatorDurbin,,,,,,,,,,,,,,,,,,,,,,,,,,,,,,,,,
SenatorHagerty,@MarshaBlackburn,@SenTuberville,@HawleyMO,@SenatorCardin,@SenTedCruz,@JerryMoran,@ChuckGrassley,@SenVancePress,@SteveDaines,@SenJohnHoeven,@SenatorHagerty,@ChrisCoons,@marcorubio,@SenatorTester,@SenatorMenendez,@SenJoniErnst,@SenatorTimScott,@SenatorWicker,@JohnCornyn,@SenTomCotton,@SenatorRisch,@SenEricSchmitt,,,,,,,,,,,,,,,,,,,,,,,,,,,,
SenatorHassan,@MarshaBlackburn,@SenatorBraun,@SenAmyKlobuchar,@lisamurkowski,@RonWyden,@SenCortezMasto,@MikeCrapo,@PattyMurray,@SenatorHassan,@maziehirono,@SenatorShaheen,@SenatorBaldwin,@SenToddYoung,@SenSanders,@SenMarkey,@SenWarren,@SenatorCantwell,@SenJackyRosen,@SenStabenow,@SenDuckworth,@SenTinaSmith,@SenGillibrand,,,,,,,,,,,,,,,,,,,,,,,,,,,,
SenatorHeinrich,@SenatorLujan,@SenWarren,@SenatorCollins,@SenatorHeinrich,@SenatorDurbin,@SenAlexPadilla,@SenCortezMasto,@SenatorRomney,@SenBlumenthal,@SenToddYoung,@SenSchumer,@SenMikeLee,@SenatorRisch,@SenatorRounds,,,,,,,,,,,,,,,,,,,,,,,,,,,,,,,,,,,,
SenatorHick,@MarkWarner,@SenatorHick,@SenLummis,@SenWhitehouse,@SenatorRomney,@SenatorShaheen,@SenToddYoung,@SenSchumer,@SenatorSinema,@SenKevinCramer,@SenatorBennet,@SenatorDurbin,@SenatorCantwell,@SenatorCollins,@SenThomTillis,@JohnCornyn,,,,,,,,,,,,,,,,,,,,,,,,,,,,,,,,,,
SenatorLankford,@MarshaBlackburn,@SenJohnKennedy,@HawleyMO,@SenatorRomney,@SenJohnThune,@SenatorCardin,@SenTedCruz,@SenatorHassan,@SenRickScott,@SenSchumer,@SenMullin,@SenatorHagerty,@SenatorDurbin,@SenAlexPadilla,@SenatorMenendez,@SenJoniErnst,@LeaderMcConnell,@SenatorLankford,@SenTomCotton,@SenJackyRosen,,,,,,,,,,,,,,,,,,,,,,,,,,,,,,
SenatorLujan,@SenatorLujan,@MarshaBlackburn,@SenatorHick,@SenatorHeinrich,@SenCortezMasto,@SenatorRomney,@ChrisVanHollen,@maziehirono,@SenatorHassan,@SenJeffMerkley,@SenatorSinema,@SenatorBennet,@SenMarkey,@SenSanders,@SenMarkKelly,@SenWarren,@SenPeterWelch,@SenBlumenthal,@SenDuckworth,@SenMikeLee,,,,,,,,,,,,,,,,,,,,,,,,,,,,,,
SenatorMenendez,@SenSherrodBrown,@SenJackReed,@SenWhitehouse,@SenAmyKlobuchar,@SenGillibrand,@SenAngusKing,@SenTedCruz,@SenBooker,@SenRickScott,@maziehirono,@ChuckGrassley,@SenatorCardin,@SenJeffMerkley,@SenatorBaldwin,@SenSchumer,@ChrisMurphyCT,@SenatorCarper,@SenBobCasey,@SenatorHagerty,@SenatorDurbin,@SenMarkey,@SenSanders,@SenRonJohnson,@ChrisCoons,@SenatorCollins,@SenAlexPadilla,@SenatorTester,@SenatorMenendez,@SenJoniErnst,@SenatorLankford,@SenatorWicker,@SenTomCotton,@SenJackyRosen,@SenatorRisch,,,,,,,,,,,,,,,,
SenatorRicketts,@MarshaBlackburn,@SenatorBraun,@SenLummis,@HawleyMO,@SenAmyKlobuchar,@SenJohnBarrasso,@SenCapito,@SenatorRicketts,@MikeCrapo,@RogerMarshallMD,@SenRonJohnson,@SenTedCruz,@SenatorCardin,@ChuckGrassley,@SenatorShaheen,@SenToddYoung,@ChrisVanHollen,@SteveDaines,@SenTomCotton,@ChrisCoons,@SenTinaSmith,@SenAlexPadilla,@SenatorFischer,@SenBlumenthal,@SenJoniErnst,@SenatorTimScott,@LeaderMcConnell,@JohnCornyn,@SenMikeLee,@SenatorRisch,,,,,,,,,,,,,,,,,,,,
SenatorRisch,@MarshaBlackburn,@SenTuberville,@MarkWarner,@HawleyMO,@SenJohnBarrasso,@SenDanSullivan,@SenatorRicketts,@MikeCrapo,@SenatorRomney,@SenatorHeinrich,@SenatorCardin,@SenTedCruz,@ChrisVanHollen,@SenRonJohnson,@SenatorShaheen,@ossoff,@ChrisMurphyCT,@SenSchumer,@SenKevinCramer,@ChrisCoons,@marcorubio,@JohnBoozman,@SenatorMenendez,@SenJoniErnst,@LeaderMcConnell,@SenatorWicker,@JohnCornyn,@SenTomCotton,@SenatorRisch,,,,,,,,,,,,,,,,,,,,,
SenatorRomney,,,,,,,,,,,,,,,,,,,,,,,,,,,,,,,,,,,,,,,,,,,,,,,,,,
SenatorRounds,@SenSherrodBrown,@lisamurkowski,@SenatorHeinrich,@SenJohnThune,@SenJoniErnst,@SenatorShaheen,@SenToddYoung,@LeaderMcConnell,@SenSchumer,@SenTinaSmith,@SenJackyRosen,@SenatorRounds,,,,,,,,,,,,,,,,,,,,,,,,,,,,,,,,,,,,,,
SenatorShaheen,@MarkWarner,@SenatorHick,@SenLummis,@RonWyden,@SenCortezMasto,@SenatorRomney,@ChrisVanHollen,@maziehirono,@SenatorBaldwin,@SenatorShaheen,@SenVancePress,@SenToddYoung,@SenSchumer,@brianschatz,@SenatorBennet,@SenMarkey,@SenMarkKelly,@SenatorCantwell,@SenAlexPadilla,@SenStabenow,@SenJoniErnst,@JohnCornyn,@SenGillibrand,@SenatorRisch,@SenatorBraun,@SenSherrodBrown,@JeffMerkley,@SenAmyKlobuchar,@SenatorRicketts,@PattyMurray,@SenatorHassan,@ChrisMurphyCT,@SenatorSinema,@SenatorRounds,@SenSanders,@ChrisCoons,@SenWarren,@SenatorCollins,@SenTimKaine,@SenThomTillis,@SenDuckworth,@SenTinaSmith,@SenJackyRosen,@SenEricSchmitt,,,,,,
SenatorSinema,@SenatorLujan,@MarshaBlackburn,@SenSherrodBrown,@SenatorHeinrich,@SenCapito,@SenJohnBarrasso,@SenCortezMasto,@SenTedCruz,@ChuckGrassley,@ChrisMurphyCT,@SenSchumer,@SenatorSinema,@SenatorBennet,@SenSanders,@SenMarkKelly,@SenTomCotton,@SenWarren,@JohnBoozman,@SenatorTester,@SenJoniErnst,@LeaderMcConnell,@JohnCornyn,@SenAngusKing,,,,,,,,,,,,,,,,,,,,,,,,,,,
SenatorTester,@MarshaBlackburn,@MarkWarner,@SenSherrodBrown,@SenWhitehouse,@SenAmyKlobuchar,@SenatorHeinrich,@SenDanSullivan,@MikeCrapo,@SenAngusKing,@ChrisVanHollen,@JerryMoran,@SenatorBaldwin,@SenatorShaheen,@PattyMurray,@SenSchumer,@SteveDaines,@SenatorSinema,@SenatorBennet,@SenatorDurbin,@SenatorHagerty,@SenMarkKelly,@ChrisCoons,@SenWarren,@marcorubio,@SenJackyRosen,@SenStabenow,@SenatorTester,@SenTimKaine,@SenBlumenthal,@SenatorTimScott,@LeaderMcConnell,@SenFettermanPA,@SenatorWicker,@SenTinaSmith,@SenGillibrand,,,,,,,,,,,,,,,
SenatorTimScott,@SenJohnKennedy,@ChrisCoons,@HawleyMO,@SenJohnBarrasso,@SenAlexPadilla,@MikeCrapo,@SenatorRicketts,@SenBlumenthal,@SenatorCardin,@SenTedCruz,@SenatorTimScott,@LeaderMcConnell,@SteveDaines,,,,,,,,,,,,,,,,,,,,,,,,,,,,,,,,,,,,,
SenatorWicker,@MarshaBlackburn,@SenTuberville,@RogerMarshallMD,@SenatorCardin,@SenTedCruz,@SenRickScott,@SenatorShaheen,@SenTedBuddNC,@SenHydeSmith,@SenatorDurbin,@SenatorHagerty,@ChrisCoons,@marcorubio,@SenatorTester,@SenatorMenendez,@SenJoniErnst,@SenatorFischer,@LeaderMcConnell,@SenatorWicker,@BillCassidy,@SenTomCotton,@SenatorRisch,,,,,,,,,,,,,,,,,,,,,,,,,,,,
SenBlumenthal,@HawleyMO,@SenWhitehouse,@SenJohnBarrasso,@SenCortezMasto,@ChrisVanHollen,@maziehirono,@SenBooker,@SenatorBaldwin,@SenSchumer,@SenMullin,@SenatorDurbin,@SenMarkey,@SenAlexPadilla,@SenBlumenthal,@SenatorTimScott,@SenFettermanPA,@LeaderMcConnell,@SenAngusKing,@SenTomCotton,@SenGillibrand,@MarshaBlackburn,@SenJackReed,@SenAmyKlobuchar,@SenatorRicketts,@SenatorCardin,@SenTedCruz,@ChrisMurphyCT,@SenBobCasey,@SenSanders,@ChrisCoons,@SenWarren,@SenatorTester,@SenDuckworth,,,,,,,,,,,,,,,,,
SenBobCasey,@SenSherrodBrown,@SenWhitehouse,@SenAmyKlobuchar,@SenatorCardin,@SenTedCruz,@maziehirono,@SenBooker,@SenatorBaldwin,@ChrisMurphyCT,@SenSchumer,@SenatorCarper,@SenBobCasey,@SenMarkey,@SenSanders,@ChrisCoons,@SenWarren,@SenatorCollins,@SenatorTester,@SenBlumenthal,@SenatorMenendez,@SenatorTimScott,@SenFettermanPA,@SenTomCotton,@SenGillibrand,,,,,,,,,,,,,,,,,,,,,,,,,,
SenBooker,@SenWhitehouse,@SenCortezMasto,@SenTedCruz,@SenBooker,@SenatorBaldwin,@maziehirono,@ossoff,@SenSchumer,@SenBobCasey,@SenatorBennet,@SenatorDurbin,@SenMarkey,@SenSanders,@SenWarren,@SenAlexPadilla,@SenatorMenendez,@ReverendWarnock,@SenBlumenthal,@JohnCornyn,@SenDuckworth,,,,,,,,,,,,,,,,,,,,,,,,,,,,,,
SenCapito,@SenKatieBritt,@SenLummis,@HawleyMO,@SenJohnBarrasso,@SenatorRomney,@SenatorBaldwin,@SenRickScott,@SenToddYoung,@SenatorDurbin,@SenMarkey,@JohnBoozman,@SenJoniErnst,@LeaderMcConnell,@JohnCornyn,@SenMikeLee,@SenTomCotton,@MarshaBlackburn,@SenatorBraun,@SenAmyKlobuchar,@SenCapito,@SenatorRicketts,@SenRonJohnson,@SenTedCruz,@SenTedBuddNC,@SenatorCarper,@SenatorSinema,@Senlaphonza,@SteveDaines,@SenatorCollins,@SenGaryPeters,@BillCassidy,@SenJackyRosen,,,,,,,,,,,,,,,,,,
SenCortezMasto,@MarkWarner,@SenWhitehouse,@SenCortezMasto,@SenJohnThune,@maziehirono,@SenatorBaldwin,@SenatorShaheen,@SenToddYoung,@SenBooker,@SenatorDurbin,@SenatorCantwell,@SenAlexPadilla,@SenStabenow,@SenBlumenthal,@SenGillibrand,@SenatorLujan,@MarshaBlackburn,@SenAmyKlobuchar,@lisamurkowski,@SenatorHeinrich,@PattyMurray,@SenatorHassan,@SenatorSinema,@SenSanders,@ChrisCoons,@SenWarren,@SenDuckworth,@SenTinaSmith,@SenJackyRosen,,,,,,,,,,,,,,,,,,,,,
SenDanSullivan,@MarshaBlackburn,@SenatorBraun,@SenTuberville,@SenJackReed,@lisamurkowski,@SenJohnBarrasso,@SenDanSullivan,@SenatorRomney,@MikeCrapo,@RogerMarshallMD,@SenJohnThune,@PattyMurray,@SenToddYoung,@SenJeffMerkley,@SenSchumer,@SteveDaines,@SenKevinCramer,@SenMarkKelly,@SenJoniErnst,@LeaderMcConnell,@SenThomTillis,@BillCassidy,@JohnCornyn,,,,,,,,,,,,,,,,,,,,,,,,,,,
SenDuckworth,@SenJohnKennedy,@SenTuberville,@SenJackReed,@SenWhitehouse,@SenAmyKlobuchar,@SenCortezMasto,@PattyMurray,@maziehirono,@SenatorHassan,@SenatorShaheen,@SenatorBaldwin,@SenBooker,@SenJeffMerkley,@SenSchumer,@SenatorDurbin,@SenSanders,@SenWarren,@SenatorCantwell,@SenJackyRosen,@SenStabenow,@SenBlumenthal,@LeaderMcConnell,@SenDuckworth,@SenTinaSmith,@SenGillibrand,,,,,,,,,,,,,,,,,,,,,,,,,
SenEricSchmitt,@MarshaBlackburn,@SenatorBraun,@SenatorHick,@HawleyMO,@SenDanSullivan,@RogerMarshallMD,@SenatorShaheen,@SenVancePress,@SenTedBuddNC,@SteveDaines,@SenKevinCramer,@SenatorHagerty,@SenAlexPadilla,@SenJoniErnst,@LeaderMcConnell,@SenThomTillis,@SenEricSchmitt,,,,,,,,,,,,,,,,,,,,,,,,,,,,,,,,,
SenFettermanPA,@SenWarren,@SenTuberville,@SenatorTester,@SenBlumenthal,@SenBooker,@SenFettermanPA,@LeaderMcConnell,@SenSchumer,@SenBobCasey,,,,,,,,,,,,,,,,,,,,,,,,,,,,,,,,,,,,,,,,,
SenGaryPeters,@SenMarkey,@SenSanders,@SenatorBraun,@SenWarren,@SenSherrodBrown,@HawleyMO,@SenJackReed,@SenatorCollins,@SenStabenow,@PattyMurray,@SenGaryPeters,@LeaderMcConnell,@SenSchumer,@SenJackyRosen,@brianschatz,@SenatorDurbin,,,,,,,,,,,,,,,,,,,,,,,,,,,,,,,,,,
SenGillibrand,@MarkWarner,@SenLummis,@HawleyMO,@SenWhitehouse,@SenCortezMasto,@maziehirono,@SenatorBaldwin,@SenatorShaheen,@SenBooker,@SenJeffMerkley,@SenSchumer,@SenMullin,@SenJohnHoeven,@SenatorBennet,@SenatorDurbin,@SenMarkKelly,@marcorubio,@SenatorCantwell,@JohnBoozman,@SenAlexPadilla,@SenStabenow,@SenBlumenthal,@SenatorMenendez,@LeaderMcConnell,@SenFettermanPA,@SenAngusKing,@SenGillibrand,@SenJohnKennedy,@SenatorBraun,@SenSherrodBrown,@SenJackReed,@SenAmyKlobuchar,@lisamurkowski,@RogerMarshallMD,@PattyMurray,@SenatorHassan,@JerryMoran,@ChrisMurphyCT,@SenBobCasey,@SenSanders,@ChrisCoons,@SenWarren,@SenRandPaul,@SenatorTester,@BillCassidy,@SenDuckworth,@SenTinaSmith,@SenJackyRosen,,
SenHydeSmith,@MarshaBlackburn,@SenTuberville,@SenRonJohnson,@SenTedCruz,@LeaderMcConnell,@SenatorWicker,@SenatorLankford,@JohnCornyn,@SteveDaines,@SenHydeSmith,,,,,,,,,,,,,,,,,,,,,,,,,,,,,,,,,,,,,,,,
SenJackReed,@SenTuberville,@SenJackReed,@SenWhitehouse,@RonWyden,@PattyMurray,@SenatorCardin,@maziehirono,@ChrisVanHollen,@ChrisMurphyCT,@SenSchumer,@brianschatz,@SenMarkey,@SenWarren,@SenAlexPadilla,@SenTimKaine,@SenatorMenendez,@SenBlumenthal,@LeaderMcConnell,@SenDuckworth,@SenGillibrand,,,,,,,,,,,,,,,,,,,,,,,,,,,,,,
SenJackyRosen,@HawleyMO,@SenWhitehouse,@SenCortezMasto,@SenJohnThune,@maziehirono,@SenatorBaldwin,@SenatorShaheen,@SenToddYoung,@SenSchumer,@brianschatz,@SenatorBennet,@SenatorDurbin,@SenMarkKelly,@marcorubio,@SenatorCantwell,@SenStabenow,@SenatorMenendez,@SenBlumenthal,@SenatorLankford,@SenGillibrand,@MarshaBlackburn,@SenSherrodBrown,@SenJackReed,@SenAmyKlobuchar,@SenCapito,@PattyMurray,@SenatorCardin,@SenatorHassan,@ChrisMurphyCT,@SenTedBuddNC,@SenatorCarper,@SenBobCasey,@SenWarren,@SenatorCollins,@SenTimKaine,@SenatorTester,@SenGaryPeters,@SenDuckworth,@SenTinaSmith,@SenJackyRosen,,,,,,,,,,
SenJeffMerkley,@SenJohnKennedy,@MarkWarner,@SenSherrodBrown,@RonWyden,@SenDanSullivan,@PattyMurray,@SenatorCardin,@ChrisVanHollen,@SenTedCruz,@SenJeffMerkley,@ChrisMurphyCT,@SenSchumer,@SteveDaines,@SenatorDurbin,@SenSanders,@SenMarkey,@ChrisCoons,@SenWarren,@SenMarkKelly,@SenPeterWelch,@SenatorCollins,@SenDuckworth,@SenAngusKing,@SenGillibrand,,,,,,,,,,,,,,,,,,,,,,,,,,
SenJohnBarrasso,@MarshaBlackburn,@SenatorBraun,@SenTuberville,@SenJohnKennedy,@HawleyMO,@SenLummis,@SenJohnBarrasso,@SenDanSullivan,@SenatorRicketts,@SenCapito,@MikeCrapo,@RonWyden,@SenJohnThune,@SenRonJohnson,@SenTedCruz,@SenatorCardin,@ChuckGrassley,@SenRickScott,@SenTedBuddNC,@SenSchumer,@SenatorSinema,@SenSanders,@ChrisCoons,@JohnBoozman,@SenRandPaul,@SenAlexPadilla,@SenStabenow,@SenBlumenthal,@SenJoniErnst,@SenatorTimScott,@LeaderMcConnell,@BillCassidy,@JohnCornyn,@SenAngusKing,@SenatorRisch,,,,,,,,,,,,,,,
SenJohnHoeven,@SenJohnKennedy,@SenLummis,@SenTuberville,@HawleyMO,@lisamurkowski,@SenatorHeinrich,@SenJohnThune,@JerryMoran,@ChuckGrassley,@SenSchumer,@SenJohnHoeven,@SenKevinCramer,@SenatorHagerty,@SenatorRounds,@SenWarren,@JohnBoozman,@SenatorCollins,@BillCassidy,@JohnCornyn,@SenGillibrand,,,,,,,,,,,,,,,,,,,,,,,,,,,,,,
SenJohnKennedy,@SenJohnKennedy,@MarshaBlackburn,@MarkWarner,@SenTuberville,@HawleyMO,@SenatorBraun,@MikeCrapo,@SenJohnThune,@SenRonJohnson,@SenTedCruz,@PattyMurray,@ChuckGrassley,@SenMikeLee,@marcorubio,@SenRandPaul,@SenatorCollins,@SenJoniErnst,@SenatorTimScott,@LeaderMcConnell,@SenThomTillis,@JohnCornyn,@SenTomCotton,,,,,,,,,,,,,,,,,,,,,,,,,,,,
SenJohnThune,@SenJohnKennedy,@MarkWarner,@SenTuberville,@SenAmyKlobuchar,@SenJohnBarrasso,@SenDanSullivan,@RonWyden,@SenCortezMasto,@SenJohnThune,@JerryMoran,@SenToddYoung,@SenSchumer,@SenJohnHoeven,@SenatorDurbin,@SenatorRounds,@marcorubio,@SenatorCollins,@LeaderMcConnell,@JohnCornyn,,,,,,,,,,,,,,,,,,,,,,,,,,,,,,,
SenJoniErnst,@SenTuberville,@SenLummis,@HawleyMO,@SenJohnBarrasso,@MikeCrapo,@SenatorRomney,@SenJohnThune,@ChuckGrassley,@SenatorShaheen,@SenToddYoung,@SenRickScott,@SenSchumer,@SenatorHagerty,@SenatorDurbin,@SenAlexPadilla,@SenatorFischer,@SenBlumenthal,@SenJoniErnst,@SenatorMenendez,@LeaderMcConnell,@SenatorWicker,@JohnCornyn,@SenTomCotton,@SenMikeLee,@SenatorRisch,@MarshaBlackburn,@SenJohnKennedy,@SenatorBraun,@lisamurkowski,@SenDanSullivan,@SenatorRicketts,@SenCapito,@RogerMarshallMD,@SenRonJohnson,@SenTedCruz,@SenTedBuddNC,@SteveDaines,@SenKevinCramer,@SenatorSinema,@ChrisCoons,@SenWarren,@SenRandPaul,@SenatorCollins,@SenThomTillis,@SenDuckworth,@SenTinaSmith,@SenEricSchmitt,,,
SenKatieBritt,@SenKatieBritt,@MarshaBlackburn,@SenTuberville,@SenatorBraun,@SenJohnKennedy,@HawleyMO,@lisamurkowski,@SenCapito,@SenatorRomney,@SenTedCruz,@SenRickScott,@SenTedBuddNC,@SteveDaines,@Senlaphonza,@marcorubio,@JohnBoozman,@SenatorCollins,@JohnCornyn,@SenTomCotton,,,,,,,,,,,,,,,,,,,,,,,,,,,,,,,
SenKevinCramer,@MarshaBlackburn,@SenatorBraun,@SenJohnKennedy,@SenatorHick,@SenatorHeinrich,@SenDanSullivan,@MikeCrapo,@RogerMarshallMD,@SenJohnThune,@SenTedCruz,@SenRickScott,@SenToddYoung,@SenSchumer,@SteveDaines,@SenJohnHoeven,@SenKevinCramer,@SenatorDurbin,@SenatorRounds,@SenSanders,@SenMarkKelly,@SenWarren,@SenatorCollins,@SenAlexPadilla,@SenJoniErnst,@SenatorTimScott,@LeaderMcConnell,@SenThomTillis,@BillCassidy,@JohnCornyn,@SenTomCotton,@SenatorRisch,,,,,,,,,,,,,,,,,,,
Senlaphonza,@SenSanders,@MarshaBlackburn,@SenKatieBritt,@SenWarren,@SenSchumer,@JohnBoozman,@SenCapito,@SenAlexPadilla,@SenTedBuddNC,@Senlaphonza,@SenatorDurbin,,,,,,,,,,,,,,,,,,,,,,,,,,,,,,,,,,,,,,,
SenLummis,@MarshaBlackburn,@SenatorBraun,@SenLummis,@SenSherrodBrown,@MarkWarner,@SenatorHick,@SenJohnBarrasso,@SenCapito,@SenatorRicketts,@SenatorRomney,@RonWyden,@RogerMarshallMD,@SenRonJohnson,@SenTedCruz,@JerryMoran,@SenVancePress,@SenatorShaheen,@SenToddYoung,@SenatorSinema,@SteveDaines,@SenTomCotton,@SenWarren,@SenAlexPadilla,@SenJoniErnst,@LeaderMcConnell,@SenThomTillis,@JohnCornyn,@SenMikeLee,@SenGillibrand,,,,,,,,,,,,,,,,,,,,,
SenMarkey,@MarshaBlackburn,@SenSherrodBrown,@SenJackReed,@SenWhitehouse,@HawleyMO,@RonWyden,@SenCapito,@PattyMurray,@maziehirono,@SenatorHassan,@SenatorShaheen,@SenJeffMerkley,@SenSchumer,@SenBobCasey,@SenMarkey,@SenSanders,@SenWarren,@SenStabenow,@SenGaryPeters,@SenFettermanPA,,,,,,,,,,,,,,,,,,,,,,,,,,,,,,
SenMarkKelly,@SenTuberville,@SenatorHick,@SenWhitehouse,@RonWyden,@SenatorRomney,@maziehirono,@SenatorBaldwin,@SenatorShaheen,@SenJeffMerkley,@SenSchumer,@SenatorBennet,@SenMarkey,@SenMarkKelly,@SenAlexPadilla,@SenStabenow,@LeaderMcConnell,@SenMikeLee,@SenAngusKing,@SenGillibrand,@SenatorLujan,@SenSherrodBrown,@SenAmyKlobuchar,@SenatorHeinrich,@SenDanSullivan,@SenatorHassan,@SenatorCarper,@SenatorSinema,@SenKevinCramer,@SenSanders,@SenWarren,@SenatorTester,@SenTimKaine,@SenDuckworth,@SenJackyRosen,,,,,,,,,,,,,,,,
SenMikeLee,@SenLummis,@SenTuberville,@HawleyMO,@SenJohnBarrasso,@RonWyden,@SenatorRomney,@SenRickScott,@ChuckGrassley,@SenToddYoung,@SenSchumer,@SenMarkKelly,@marcorubio,@SenJoniErnst,@LeaderMcConnell,@JohnCornyn,@SenMikeLee,@SenTomCotton,@MarshaBlackburn,@SenJohnKennedy,@SenatorBraun,@SenCapito,@SenatorRicketts,@RogerMarshallMD,@SenRonJohnson,@SenTedCruz,@JerryMoran,@SteveDaines,@SenSanders,@SenWarren,@SenRandPaul,@SenThomTillis,,,,,,,,,,,,,,,,,,,
SenMullin,@SenJohnKennedy,@SenWarren,@HawleyMO,@SenatorCollins,@SenTedBuddNC,@SenTedCruz,@SenatorLankford,@SenSchumer,@SenMikeLee,@SenMullin,,,,,,,,,,,,,,,,,,,,,,,,,,,,,,,,,,,,,,,,
SenPeterWelch,,,,,,,,,,,,,,,,,,,,,,,,,,,,,,,,,,,,,,,,,,,,,,,,,,
SenRandPaul,@MarshaBlackburn,@SenJohnKennedy,@SenTuberville,@HawleyMO,@lisamurkowski,@SenJohnBarrasso,@SenDanSullivan,@MikeCrapo,@RogerMarshallMD,@SenRonJohnson,@SenTedCruz,@SenBooker,@SenRickScott,@ChuckGrassley,@SenSchumer,@SenMikeLee,@marcorubio,@SenRandPaul,@SenatorCollins,@SenAlexPadilla,@SenJoniErnst,@LeaderMcConnell,@SenThomTillis,@JohnCornyn,@SenTomCotton,@SenGillibrand,@SenatorRisch,,,,,,,,,,,,,,,,,,,,,,,
SenRickScott,@marcorubio,@SenatorRomney,@SenTedCruz,@SenRickScott,@ChuckGrassley,@LeaderMcConnell,@JohnCornyn,@SenSchumer,@SenTomCotton,,,,,,,,,,,,,,,,,,,,,,,,,,,,,,,,,,,,,,,,,
SenRonJohnson,@MarshaBlackburn,@SenJohnKennedy,@SenTuberville,@HawleyMO,@SenRonJohnson,@SenTedCruz,@ChuckGrassley,@SenatorBaldwin,@SenRickScott,@SenMikeLee,@marcorubio,@SenRandPaul,@SenJoniErnst,@LeaderMcConnell,@SenTomCotton,,,,,,,,,,,,,,,,,,,,,,,,,,,,,,,,,,,
SenSanders,,,,,,,,,,,,,,,,,,,,,,,,,,,,,,,,,,,,,,,,,,,,,,,,,,
SenSchumer,@MarkWarner,@SenWhitehouse,@SenJohnBarrasso,@RonWyden,@SenTedCruz,@SenBooker,@SenatorBaldwin,@SenSchumer,@SenMullin,@SenatorDurbin,@SenSanders,@SenWarren,@SenAlexPadilla,@SenBlumenthal,@LeaderMcConnell,@SenDuckworth,@SenMikeLee,@SenGillibrand,,,,,,,,,,,,,,,,,,,,,,,,,,,,,,,,
SenSherrodBrown,@SenJohnKennedy,@SenatorBraun,@SenLummis,@SenSherrodBrown,@SenWhitehouse,@SenAmyKlobuchar,@RonWyden,@MikeCrapo,@PattyMurray,@ChrisVanHollen,@maziehirono,@SenatorBaldwin,@SenatorShaheen,@ChrisMurphyCT,@SenJeffMerkley,@SenSchumer,@SenBobCasey,@SenatorBennet,@SenSanders,@SenMarkey,@SenMarkKelly,@SenWarren,@SenPeterWelch,@SenStabenow,@SenTimKaine,@SenatorTester,@LeaderMcConnell,@SenThomTillis,@SenFettermanPA,@SenGaryPeters,@SenTinaSmith,@SenJackyRosen,,,,,,,,,,,,,,,,,,
SenStabenow,@SenSherrodBrown,@HawleyMO,@SenWhitehouse,@SenAmyKlobuchar,@SenJohnBarrasso,@RonWyden,@SenCortezMasto,@MikeCrapo,@PattyMurray,@ChrisVanHollen,@maziehirono,@SenatorHassan,@SenatorShaheen,@SenatorBaldwin,@SenSchumer,@SenatorDurbin,@SenMarkey,@SenSanders,@SenWarren,@SenatorCantwell,@SenJackyRosen,@JohnBoozman,@SenStabenow,@SenatorTester,@SenBlumenthal,@SenGaryPeters,@LeaderMcConnell,@SenDuckworth,@SenTinaSmith,@SenGillibrand,,,,,,,,,,,,,,,,,,,,
SenTedBuddNC,@MarshaBlackburn,@SenKatieBritt,@SenatorBraun,@SenTuberville,@SenWhitehouse,@SenJohnBarrasso,@SenCapito,@RogerMarshallMD,@SenRonJohnson,@SenTedCruz,@SenRickScott,@ChrisMurphyCT,@SenTedBuddNC,@SenSchumer,@Senlaphonza,@SenWarren,@JohnBoozman,@SenatorMenendez,@SenFettermanPA,@SenThomTillis,@LeaderMcConnell,@JohnCornyn,@SenatorRisch,,,,,,,,,,,,,,,,,,,,,,,,,,,
SenTedCruz,@MarshaBlackburn,@SenJohnKennedy,@SenTuberville,@HawleyMO,@SenJohnBarrasso,@MikeCrapo,@RogerMarshallMD,@SenJohnThune,@SenRonJohnson,@SenTedCruz,@SenSchumer,@SteveDaines,@SenKevinCramer,@SenatorDurbin,@marcorubio,@SenatorCollins,@SenRandPaul,@SenJoniErnst,@SenatorTimScott,@LeaderMcConnell,@JohnCornyn,@SenMikeLee,@SenatorRisch,,,,,,,,,,,,,,,,,,,,,,,,,,,
SenThomTillis,@SenTuberville,@SenatorHick,@HawleyMO,@SenWhitehouse,@MarkWarner,@SenLummis,@SenatorRomney,@ChuckGrassley,@SenatorShaheen,@SenToddYoung,@SenSchumer,@SenPeterWelch,@JohnBoozman,@SenatorMenendez,@SenJoniErnst,@SenatorTimScott,@LeaderMcConnell,@JohnCornyn,@SenMikeLee,@SenTomCotton,@MarshaBlackburn,@SenatorBraun,@SenJohnKennedy,@SenSherrodBrown,@lisamurkowski,@SenDanSullivan,@RogerMarshallMD,@SenTedCruz,@ChrisMurphyCT,@SenTedBuddNC,@SteveDaines,@SenKevinCramer,@SenatorSinema,@ChrisCoons,@SenatorCollins,@SenThomTillis,,,,,,,,,,,,,,
SenTimKaine,@MarkWarner,@SenTuberville,@SenDuckworth,@SenWhitehouse,@SenTimKaine,@SenatorCardin,@SenToddYoung,@SenSchumer,@SenTomCotton,,,,,,,,,,,,,,,,,,,,,,,,,,,,,,,,,,,,,,,,,
SenTinaSmith,@ChrisCoons,@SenJackReed,@SenSchumer,@SenAmyKlobuchar,@SenAlexPadilla,@SenStabenow,@SenatorRicketts,@SenatorFischer,@SenJoniErnst,@ChrisVanHollen,@SenatorShaheen,@ChrisMurphyCT,@JohnCornyn,@SenDuckworth,@SenTinaSmith,,,,,,,,,,,,,,,,,,,,,,,,,,,,,,,,,,,
SenToddYoung,@SenTuberville,@MarkWarner,@SenLummis,@SenatorHick,@SenatorRomney,@SenCortezMasto,@SenJohnThune,@SenatorShaheen,@SenToddYoung,@SenSchumer,@SenatorBennet,@SenatorDurbin,@JohnBoozman,@SenAlexPadilla,@SenJoniErnst,@LeaderMcConnell,@SenatorLankford,@JohnCornyn,@SenTomCotton,@SenMikeLee,@MarshaBlackburn,@SenatorBraun,@SenatorHeinrich,@SenDanSullivan,@SenCapito,@SenatorRicketts,@SenRonJohnson,@SenTedCruz,@SenatorHassan,@SteveDaines,@SenKevinCramer,@SenatorSinema,@SenatorRounds,@SenSanders,@SenTimKaine,@SenThomTillis,@BillCassidy,@SenJackyRosen,,,,,,,,,,,,
SenTomCotton,@MarshaBlackburn,@SenJohnKennedy,@SenTuberville,@HawleyMO,@SenRonJohnson,@SenTedCruz,@ChuckGrassley,@SenRickScott,@ChrisMurphyCT,@SenTedBuddNC,@SenSchumer,@SenatorSinema,@SenMikeLee,@SenKevinCramer,@SenatorHagerty,@SenatorDurbin,@SenatorBennet,@ChrisCoons,@marcorubio,@SenWarren,@SenRandPaul,@JohnBoozman,@SenAlexPadilla,@SenatorMenendez,@SenJoniErnst,@LeaderMcConnell,@SenThomTillis,@SenatorLankford,@SenatorWicker,@JohnCornyn,@SenTomCotton,@SenatorRisch,,,,,,,,,,,,,,,,,,
SenTuberville,@MarshaBlackburn,@SenKatieBritt,@SenTuberville,@HawleyMO,@SenDanSullivan,@SenatorRomney,@SenRonJohnson,@SenTedCruz,@SenToddYoung,@ossoff,@SenSchumer,@SteveDaines,@SenatorDurbin,@SenMarkKelly,@SenJoniErnst,@LeaderMcConnell,@SenDuckworth,@SenMikeLee,@SenatorRisch,,,,,,,,,,,,,,,,,,,,,,,,,,,,,,,
SenVancePress,@SenJohnKennedy,@MarshaBlackburn,@SenTuberville,@SenSherrodBrown,@HawleyMO,@RogerMarshallMD,@SenRonJohnson,@SenTedCruz,@SenatorCardin,@ChrisVanHollen,@SenVancePress,@SenatorShaheen,@SenSchumer,@SenMullin,@SenatorDurbin,@SenTomCotton,@marcorubio,@SenWarren,@SenPeterWelch,@SenAlexPadilla,@SenatorLankford,@SenMikeLee,@SenEricSchmitt,,,,,,,,,,,,,,,,,,,,,,,,,,,
SenWarren,@SenSherrodBrown,@SenWhitehouse,@JeffMerkley,@RonWyden,@PattyMurray,@SenTedCruz,@SenBooker,@SenatorBaldwin,@SenJeffMerkley,@SenSchumer,@SenatorSinema,@SenMikeLee,@SenatorDurbin,@SenSanders,@SenMarkey,@SenWarren,@SenatorTester,@SenBlumenthal,@SenFettermanPA,@SenDuckworth,@SenTomCotton,@SenGillibrand,,,,,,,,,,,,,,,,,,,,,,,,,,,,
SenWhitehouse,,,,,,,,,,,,,,,,,,,,,,,,,,,,,,,,,,,,,,,,,,,,,,,,,,
SteveDaines,@SenKatieBritt,@SenTuberville,@SenLummis,@HawleyMO,@MikeCrapo,@SenatorRomney,@SenJohnThune,@SenRickScott,@ChuckGrassley,@SenToddYoung,@SenJeffMerkley,@SenSchumer,@SenHydeSmith,@SenatorDurbin,@marcorubio,@SenatorFischer,@SenJoniErnst,@SenatorTimScott,@LeaderMcConnell,@JohnCornyn,@SenTomCotton,@SenMikeLee,@MarshaBlackburn,@SenatorBraun,@SenJohnKennedy,@SenSherrodBrown,@SenDanSullivan,@SenCapito,@SenatorRicketts,@RogerMarshallMD,@SenRonJohnson,@SenTedCruz,@JerryMoran,@SteveDaines,@SenKevinCramer,@SenatorRounds,@SenatorTester,@SenThomTillis,@SenTinaSmith,,,,,,,,,,,
