SenKatieBritt,@SenTuberville,@SenEricSchmitt,@SenatorRicketts,@SenatorBraun,@SenJoniErnst,@SenatorRomney,@SenatorRisch,@SenatorRounds,@SenKevinCramer,@lisamurkowski,@SenatorLankford,@SenLummis,@SenJohnHoeven,@SenHydeSmith,@SenJohnThune,@JohnBoozman,@SenToddYoung,@SenTedBuddNC,@SenMullin,@SenVancePress,@SenRandPaul,@SteveDaines,@JerryMoran,@SenatorFischer,@SenTedCruz,@SenatorTimScott,@SenatorWicker,@SenDanSullivan,@SenCapito,@SenThomTillis,@LeaderMcConnell,@SenatorCollins,@SenJohnBarrasso,@SenTomCotton,@MikeCrapo,@SenRonJohnson,@SenMikeLee,,,
SenTuberville,@MarshaBlackburn,@ChuckGrassley,@HawleyMO,@SenKatieBritt,@SenJohnKennedy,@SenKevinCramer,@SenTomCotton,@SenatorHagerty,@SenatorBraun,@SenRonJohnson,@SenEricSchmitt,@SenTedBuddNC,@SenPeterWelch,@SenAlexPadilla,@SenMullin,,,,,,,,,,,,,,,,,,,,,,,,,
lisamurkowski,@SenatorCollins,@SenSchumer,@SenatorRisch,@MikeCrapo,@SenJohnHoeven,@SenWhitehouse,@JerryMoran,@SenGillibrand,@SenBlumenthal,@JohnCornyn,@ChuckGrassley,@SenJohnBarrasso,@SenThomTillis,@SenPeterWelch,@SenVancePress,@SenMullin,@SenEricSchmitt,@SenKatieBritt,@RogerMarshallMD,@SenatorBraun,@SenLummis,@MarshaBlackburn,@SenatorHagerty,@SenJackyRosen,@SenCortezMasto,@SenatorLujan,@SenKevinCramer,@SenHydeSmith,@SenTinaSmith,@SenJohnKennedy,@SenRandPaul,@SenDuckworth,@SenRickScott,@SenatorHick,@SenAlexPadilla,@SenatorSinema,@SenMarkKelly,@SenTuberville,,
SenDanSullivan,@SenatorRisch,@MikeCrapo,@SenThomTillis,@JerryMoran,@SenJohnHoeven,@SenatorLankford,@SenJohnBarrasso,@SenKevinCramer,@SenJoniErnst,@SenatorWicker,@SenatorFischer,@lisamurkowski,@JohnBoozman,@SenCapito,@SenJohnThune,@SenatorRounds,@SenatorCollins,@SenJohnKennedy,@SenTuberville,@SenLummis,@SenatorHagerty,@SenatorSinema,,,,,,,,,,,,,,,,,,
SenMarkKelly,,,,,,,,,,,,,,,,,,,,,,,,,,,,,,,,,,,,,,,,
SenatorSinema,@SenKevinCramer,@SenatorTester,@SenBlumenthal,@SenGaryPeters,@SenJackyRosen,@SenMarkKelly,@maziehirono,@SenatorCollins,@SenJackReed,@SenJoniErnst,@SenKatieBritt,@RogerMarshallMD,@SenTedBuddNC,@SenCortezMasto,@SenJohnKennedy,,,,,,,,,,,,,,,,,,,,,,,,,
JohnBoozman,@JerryMoran,@SenatorRisch,@MikeCrapo,@SenJohnBarrasso,@SenJohnHoeven,@SenatorWicker,@SenatorFischer,@SenThomTillis,@SenKevinCramer,@lisamurkowski,@JohnCornyn,@SenJohnThune,@SenCapito,@SenatorLankford,@SenatorCollins,@SenatorRicketts,@SenTedBuddNC,@SenMullin,@SenVancePress,@SenEricSchmitt,@SenKatieBritt,@SenMikeLee,@SenLummis,,,,,,,,,,,,,,,,,
SenTomCotton,@MarshaBlackburn,@SenTedCruz,@SenJohnKennedy,@ChuckGrassley,@SenatorTimScott,@SenRonJohnson,@SenKevinCramer,@SenMikeLee,@SenatorBraun,@MikeCrapo,@SenTuberville,@SenatorRomney,@SenatorRisch,@SenJoniErnst,@SenatorLankford,@SenatorWicker,@lisamurkowski,@SenHydeSmith,@SenToddYoung,@RogerMarshallMD,@SenLummis,@SenatorHagerty,@LeaderMcConnell,@SenatorRounds,@SteveDaines,@SenDanSullivan,,,,,,,,,,,,,,
Senlaphonza,@SenSchumer,,,,,,,,,,,,,,,,,,,,,,,,,,,,,,,,,,,,,,,
SenAlexPadilla,@SenWhitehouse,@SenDuckworth,@SenatorHick,@SenMarkKelly,@maziehirono,@ossoff,@brianschatz,@SenSherrodBrown,@Senlaphonza,@SenatorSinema,@JohnCornyn,,,,,,,,,,,,,,,,,,,,,,,,,,,,,
SenatorBennet,@SenBlumenthal,@ChrisMurphyCT,@PattyMurray,@MarkWarner,@SenatorDurbin,@SenWhitehouse,@SenDuckworth,@SenatorTester,@maziehirono,@SenatorHick,@SenSherrodBrown,@SenBobCasey,@ChrisCoons,@SenGaryPeters,@SenatorBaldwin,@SenPeterWelch,@SenatorRomney,@SenMarkKelly,,,,,,,,,,,,,,,,,,,,,,
SenatorHick,@SenatorTester,@SenatorBennet,@SenMarkKelly,@SenGaryPeters,@maziehirono,@SenAlexPadilla,@brianschatz,@SenSherrodBrown,@SenJackyRosen,@SenTinaSmith,@SenatorHassan,@SenFettermanPA,,,,,,,,,,,,,,,,,,,,,,,,,,,,
SenBlumenthal,@ChrisMurphyCT,@SenWhitehouse,@SenatorDurbin,@SenGillibrand,@maziehirono,@MarkWarner,@SenDuckworth,@PattyMurray,@ChrisCoons,@RonWyden,@SenPeterWelch,@SenFettermanPA,@SenAlexPadilla,@SenatorHick,@SenatorLujan,@SenMarkKelly,@SenatorSinema,@SenJackyRosen,@SenAmyKlobuchar,@SenBooker,,,,,,,,,,,,,,,,,,,,
ChrisMurphyCT,@SenBlumenthal,@brianschatz,@SenatorDurbin,@SenJackyRosen,@SenTedCruz,@JohnCornyn,,,,,,,,,,,,,,,,,,,,,,,,,,,,,,,,,,
SenatorCarper,@ChrisCoons,@SenatorCardin,@ChrisVanHollen,@SenBlumenthal,@PattyMurray,@SenWhitehouse,@SenJackReed,@SenatorDurbin,@SenGaryPeters,@SenBobCasey,@maziehirono,@SenatorTester,@MikeCrapo,@SenatorCantwell,@SenatorBaldwin,@SenatorShaheen,@SenJeffMerkley,@SenatorMenendez,@SenAngusKing,@Senlaphonza,@SenPeterWelch,@SenFettermanPA,@SenAmyKlobuchar,,,,,,,,,,,,,,,,,
ChrisCoons,@SenBlumenthal,@SenWhitehouse,@SenatorCarper,@ChrisMurphyCT,@SenatorDurbin,@maziehirono,@MarkWarner,@PattyMurray,,,,,,,,,,,,,,,,,,,,,,,,,,,,,,,,
marcorubio,@SenTedCruz,,,,,,,,,,,,,,,,,,,,,,,,,,,,,,,,,,,,,,,
SenRickScott,@SenTedCruz,@MarshaBlackburn,@marcorubio,@ChuckGrassley,@SenJohnKennedy,@SenatorTimScott,@SenKevinCramer,@SenTomCotton,@SenMikeLee,@SenatorRomney,@SenEricSchmitt,@SenatorRicketts,@RogerMarshallMD,@SenTuberville,@SenatorBraun,@SenVancePress,@SenKatieBritt,@SenMullin,@SenTedBuddNC,,,,,,,,,,,,,,,,,,,,,
ossoff,@ReverendWarnock,@SenSchumer,,,,,,,,,,,,,,,,,,,,,,,,,,,,,,,,,,,,,,
ReverendWarnock,@ossoff,,,,,,,,,,,,,,,,,,,,,,,,,,,,,,,,,,,,,,,
maziehirono,@SenBlumenthal,@ChrisMurphyCT,@SenWhitehouse,@SenDuckworth,@SenGillibrand,@SenatorDurbin,,,,,,,,,,,,,,,,,,,,,,,,,,,,,,,,,,
brianschatz,@ChrisMurphyCT,@ossoff,@SenWhitehouse,,,,,,,,,,,,,,,,,,,,,,,,,,,,,,,,,,,,,
MikeCrapo,@SenatorRisch,@SenJohnHoeven,@SenJohnBarrasso,@JerryMoran,@SenatorWicker,@SenatorFischer,@JohnBoozman,@SenThomTillis,@lisamurkowski,,,,,,,,,,,,,,,,,,,,,,,,,,,,,,,
SenatorRisch,@MikeCrapo,@SenJohnHoeven,@SenJohnBarrasso,@JerryMoran,@SenatorWicker,@SenatorFischer,@JohnBoozman,@SenThomTillis,@lisamurkowski,,,,,,,,,,,,,,,,,,,,,,,,,,,,,,,
SenDuckworth,@SenatorDurbin,@ChrisMurphyCT,@SenGillibrand,@SenBlumenthal,,,,,,,,,,,,,,,,,,,,,,,,,,,,,,,,,,,,
SenatorDurbin,@SenSchumer,@SenBlumenthal,@SenDuckworth,@ChrisMurphyCT,@SenWhitehouse,@PattyMurray,@maziehirono,,,,,,,,,,,,,,,,,,,,,,,,,,,,,,,,,
SenatorBraun,@SenToddYoung,@SenKevinCramer,@SenJohnKennedy,@MarshaBlackburn,@SenatorLankford,@SenJoniErnst,@SenThomTillis,@SenMikeLee,@JohnCornyn,@MikeCrapo,@SenJohnBarrasso,@SenatorRicketts,@SenEricSchmitt,@SenKatieBritt,@SenRandPaul,,,,,,,,,,,,,,,,,,,,,,,,,
SenToddYoung,@SenatorBraun,@SenKevinCramer,@SenatorRisch,@MikeCrapo,@SenJohnBarrasso,@SenThomTillis,@SenatorLankford,@JerryMoran,@SenJohnHoeven,@SenCapito,,,,,,,,,,,,,,,,,,,,,,,,,,,,,,
SenJoniErnst,@ChuckGrassley,@MarshaBlackburn,@SenJohnKennedy,@SenTomCotton,@JohnCornyn,@SenRonJohnson,@SenKevinCramer,@SenThomTillis,@SenMikeLee,@SenatorRisch,@SenatorLankford,@SenatorRicketts,@SenKatieBritt,@RogerMarshallMD,@SenToddYoung,@SenRickScott,@HawleyMO,@SenatorRomney,@SenHydeSmith,,,,,,,,,,,,,,,,,,,,,
ChuckGrassley,@SenRonJohnson,@SenMikeLee,,,,,,,,,,,,,,,,,,,,,,,,,,,,,,,,,,,,,,
RogerMarshallMD,@HawleyMO,@SenJohnKennedy,@SenatorBraun,@SenKevinCramer,,,,,,,,,,,,,,,,,,,,,,,,,,,,,,,,,,,,
JerryMoran,@SenatorRisch,@MikeCrapo,@SenJohnHoeven,@JohnBoozman,@SenatorWicker,@SenJohnBarrasso,@SenatorFischer,@SenThomTillis,,,,,,,,,,,,,,,,,,,,,,,,,,,,,,,,
LeaderMcConnell,@SenTedCruz,@ChuckGrassley,@marcorubio,@SenJohnKennedy,@SenatorTimScott,@SenTomCotton,@MarshaBlackburn,,,,,,,,,,,,,,,,,,,,,,,,,,,,,,,,,
SenRandPaul,@SenEricSchmitt,@SenJohnKennedy,@SenRonJohnson,@SenatorBraun,,,,,,,,,,,,,,,,,,,,,,,,,,,,,,,,,,,,
BillCassidy,@SenCapito,@SenatorTimScott,@SenatorLankford,,,,,,,,,,,,,,,,,,,,,,,,,,,,,,,,,,,,,
SenJohnKennedy,@HawleyMO,@SenTedCruz,@MarshaBlackburn,@ChuckGrassley,@SenTomCotton,@SenRonJohnson,@SenKevinCramer,@SenatorBraun,@MikeCrapo,@SenatorRomney,@SenVancePress,@RogerMarshallMD,,,,,,,,,,,,,,,,,,,,,,,,,,,,
SenatorCollins,@ChuckGrassley,@lisamurkowski,@SenSchumer,@LeaderMcConnell,@SenBlumenthal,@MikeCrapo,@SenJohnHoeven,@SenGillibrand,@SenMikeLee,@SenatorRisch,,,,,,,,,,,,,,,,,,,,,,,,,,,,,,
SenAngusKing,@SenBlumenthal,@SenWhitehouse,@PattyMurray,@MarkWarner,@SenatorDurbin,@SenatorCollins,@maziehirono,@ChrisMurphyCT,@ChrisCoons,@SenDuckworth,@SenMarkKelly,@ChrisVanHollen,@SenJohnKennedy,@brianschatz,,,,,,,,,,,,,,,,,,,,,,,,,,
SenatorCardin,@ChrisVanHollen,@SenBlumenthal,@SenatorDurbin,@PattyMurray,@SenatorCarper,@ChrisCoons,@MarkWarner,@SenWhitehouse,@SenJackReed,@SenBobCasey,@SenGaryPeters,@SenatorMenendez,@SenatorCantwell,@maziehirono,@ChrisMurphyCT,@SenatorShaheen,@SenJeffMerkley,@SenatorRisch,@Senlaphonza,,,,,,,,,,,,,,,,,,,,,
ChrisVanHollen,@SenatorCardin,@SenBlumenthal,@SenWhitehouse,@MarkWarner,@SenDuckworth,@SenatorDurbin,@PattyMurray,@ChrisMurphyCT,@maziehirono,@SenGaryPeters,@SenatorTester,@ChrisCoons,@SenJackReed,@SenatorCarper,@SenBobCasey,@SenTimKaine,@SenAlexPadilla,@ossoff,,,,,,,,,,,,,,,,,,,,,,
SenMarkey,@ChrisMurphyCT,@SenWhitehouse,@SenBlumenthal,@PattyMurray,@SenDuckworth,@MarkWarner,@maziehirono,@SenatorDurbin,@SenSherrodBrown,@brianschatz,,,,,,,,,,,,,,,,,,,,,,,,,,,,,,
SenWarren,@SenSanders,@SenSchumer,@SenJackyRosen,@SenTimKaine,@SenFettermanPA,@SenAlexPadilla,@SenatorHick,@SenMarkKelly,,,,,,,,,,,,,,,,,,,,,,,,,,,,,,,,
SenGaryPeters,@SenStabenow,@PattyMurray,@SenatorTester,@SenBlumenthal,@SenWhitehouse,@ChrisVanHollen,@SenatorDurbin,@maziehirono,@SenJackReed,@ChrisCoons,@SenatorBaldwin,@SenBobCasey,@SenatorCantwell,@SenatorHassan,@Senlaphonza,@SenFettermanPA,,,,,,,,,,,,,,,,,,,,,,,,
SenStabenow,@SenGaryPeters,@PattyMurray,@SenBlumenthal,@SenWhitehouse,@SenatorTester,@SenatorDurbin,@SenatorBaldwin,@ChrisVanHollen,@maziehirono,@SenSherrodBrown,@ChrisCoons,@SenatorCantwell,@SenPeterWelch,@SenFettermanPA,,,,,,,,,,,,,,,,,,,,,,,,,,
SenAmyKlobuchar,@ChrisMurphyCT,@SenBlumenthal,@SenWhitehouse,@SenBooker,@SenTinaSmith,@SenDuckworth,@SenatorDurbin,@maziehirono,@PattyMurray,@ChrisCoons,,,,,,,,,,,,,,,,,,,,,,,,,,,,,,
SenTinaSmith,@SenAmyKlobuchar,@SenWhitehouse,@SenBlumenthal,@SenDuckworth,@SenatorTester,@maziehirono,@SenSherrodBrown,@brianschatz,@ChrisCoons,@SenKevinCramer,@SenBobCasey,@SenatorBaldwin,,,,,,,,,,,,,,,,,,,,,,,,,,,,
SenHydeSmith,@SenKevinCramer,@SenatorWicker,@SenatorLankford,@SenJoniErnst,@SenatorBraun,@SenTuberville,@SenatorRisch,@SenJohnKennedy,@SenThomTillis,@JohnCornyn,@SenJohnHoeven,@MikeCrapo,@SenatorFischer,@SenCapito,@JerryMoran,@SenatorTimScott,@SenJohnBarrasso,@SenDanSullivan,@SenatorRicketts,@SenTedBuddNC,@SenKatieBritt,@SenEricSchmitt,@SenMullin,@RogerMarshallMD,@SenatorHagerty,@SenLummis,,,,,,,,,,,,,,
SenatorWicker,@SenatorRisch,@MikeCrapo,@JerryMoran,@SenJohnBarrasso,@SenatorFischer,@SenJohnHoeven,@JohnBoozman,@SenKevinCramer,@SenThomTillis,@SenJohnThune,@SenCapito,@SenatorLankford,@lisamurkowski,@SenJoniErnst,@SenatorCollins,@SenJackReed,@SenVancePress,@SenEricSchmitt,@SenMullin,@SenKatieBritt,@SenTedBuddNC,,,,,,,,,,,,,,,,,,,
HawleyMO,@SenTomCotton,@marcorubio,,,,,,,,,,,,,,,,,,,,,,,,,,,,,,,,,,,,,,
SenEricSchmitt,@SenatorRicketts,@SenKatieBritt,@SenatorRomney,@SenatorBraun,@SenTuberville,@SenatorLankford,@SenLummis,@lisamurkowski,@SenHydeSmith,@SenatorRounds,@SenJohnThune,@SenJohnBarrasso,@SenToddYoung,@JohnBoozman,@SenJohnHoeven,,,,,,,,,,,,,,,,,,,,,,,,,
SteveDaines,@SenKevinCramer,@SenatorLankford,@SenTomCotton,@SenJoniErnst,@SenatorBraun,@SenJohnHoeven,@SenatorRisch,@SenJohnBarrasso,@MikeCrapo,@SenThomTillis,@SenatorTester,@JohnCornyn,@SenMikeLee,@SenJohnThune,@SenCapito,@JerryMoran,@SenatorWicker,@SenKatieBritt,@SenTuberville,,,,,,,,,,,,,,,,,,,,,
SenatorTester,@ChrisMurphyCT,@PattyMurray,@SenBlumenthal,@SenGaryPeters,@MarkWarner,@maziehirono,@SenDuckworth,@ChrisVanHollen,@ChrisCoons,@SenatorDurbin,@SenSherrodBrown,@SenatorBaldwin,@SenBobCasey,@SenJackReed,@SenAngusKing,@SenAlexPadilla,@SenKevinCramer,@SenPeterWelch,@SenLummis,@SenatorLujan,@SenatorHick,@SenMarkKelly,@marcorubio,@SenCapito,@SenToddYoung,@MarshaBlackburn,@SenBooker,@SenJoniErnst,@SenDanSullivan,,,,,,,,,,,
SenatorFischer,@SenatorRisch,@MikeCrapo,@SenatorWicker,@JerryMoran,@SenJohnHoeven,@SenJohnBarrasso,@JohnBoozman,@SenCapito,@SenThomTillis,@lisamurkowski,@JohnCornyn,@SenJoniErnst,@SenatorCollins,@SenJohnThune,@SenatorLankford,@SenDanSullivan,@SenJackReed,@SenKevinCramer,@SenatorRicketts,@SenatorLujan,@SenLummis,@RogerMarshallMD,@SenatorHagerty,@SenJohnKennedy,@SenTuberville,@SenTinaSmith,,,,,,,,,,,,,,
SenatorRicketts,@SenEricSchmitt,@SenTuberville,@SenKatieBritt,@SenMullin,@SenatorBraun,@SenatorLankford,@SenJoniErnst,@SenJohnBarrasso,@JohnBoozman,@SenatorDurbin,,,,,,,,,,,,,,,,,,,,,,,,,,,,,,
SenCortezMasto,@SenJackyRosen,@SenDuckworth,@MarkWarner,@PattyMurray,@SenatorTester,@ChrisVanHollen,@SenatorBaldwin,@maziehirono,@SenKevinCramer,@SenatorHassan,@SenatorMenendez,@SenTinaSmith,@SenatorCantwell,@SenJackReed,@SenatorLujan,@SenAlexPadilla,@SenatorHick,,,,,,,,,,,,,,,,,,,,,,,
SenJackyRosen,@SenCortezMasto,@SenDuckworth,@ChrisVanHollen,@SenKevinCramer,@SenatorBaldwin,@SenTinaSmith,@SenatorHick,@SenJackReed,@SenatorHassan,@SenAngusKing,@SenatorShaheen,@SenatorCarper,@SenGaryPeters,@SenPeterWelch,@SenFettermanPA,,,,,,,,,,,,,,,,,,,,,,,,,
SenatorHassan,@SenatorShaheen,@PattyMurray,@SenDuckworth,@SenWhitehouse,@SenBlumenthal,@MarkWarner,@SenatorDurbin,@SenGaryPeters,@SenJackReed,@SenatorTester,@maziehirono,@ChrisVanHollen,@SenatorCantwell,@SenSherrodBrown,@SenatorBaldwin,@ChrisCoons,@SenBobCasey,@SenatorCardin,@SenRandPaul,@SenatorBraun,@SenAlexPadilla,@SenKevinCramer,@SenHydeSmith,@SenTuberville,@SenLummis,@SenatorHick,@SenatorLujan,@SenMarkKelly,@SenBooker,@SenatorRomney,@SenRickScott,@SenJackyRosen,@SenatorSinema,,,,,,,
SenatorShaheen,@SenatorHassan,@PattyMurray,@SenJackReed,@SenWhitehouse,@SenBlumenthal,@SenatorDurbin,@SenatorCardin,@ChrisVanHollen,@MarkWarner,@ChrisCoons,@maziehirono,@SenatorCantwell,@SenGaryPeters,@SenatorBaldwin,@SenBobCasey,@SenatorCarper,@SenatorCollins,@SenAngusKing,@SenFettermanPA,@SenAlexPadilla,@SenMarkKelly,@SenThomTillis,@SenatorLankford,,,,,,,,,,,,,,,,,
SenBooker,@SenSchumer,@SenGillibrand,@ChrisMurphyCT,@SenBlumenthal,@SenWarren,@SenDuckworth,@SenatorDurbin,@SenWhitehouse,@maziehirono,@SenTimKaine,@SenAlexPadilla,@SenToddYoung,@SenatorShaheen,,,,,,,,,,,,,,,,,,,,,,,,,,,
SenatorMenendez,@MarkWarner,@SenatorDurbin,@SenBlumenthal,@ChrisVanHollen,@SenWhitehouse,@PattyMurray,@SenatorRisch,@ChrisCoons,@SenatorCardin,@SenGaryPeters,@MikeCrapo,@SenJackReed,@SenBobCasey,@maziehirono,@SenSherrodBrown,@SenMarkey,@SenAlexPadilla,,,,,,,,,,,,,,,,,,,,,,,
SenatorHeinrich,@SenBlumenthal,@PattyMurray,@SenWhitehouse,@SenatorDurbin,@SenDuckworth,@MarkWarner,@SenAngusKing,@ChrisMurphyCT,@SenJackReed,@SenGaryPeters,@maziehirono,@ChrisVanHollen,@SenatorCardin,@SenBobCasey,@RonWyden,@SenatorTester,@SenatorRisch,@SenatorCantwell,@ChrisCoons,@Senlaphonza,@SenatorRounds,@SenPeterWelch,@SenFettermanPA,,,,,,,,,,,,,,,,,
SenatorLujan,@SenatorHeinrich,@SenJackyRosen,@Senlaphonza,@SenFettermanPA,@SenBooker,@lisamurkowski,,,,,,,,,,,,,,,,,,,,,,,,,,,,,,,,,,
SenGillibrand,@SenWarren,@SenSchumer,@ChrisMurphyCT,@SenSanders,@SenBlumenthal,@ossoff,@ReverendWarnock,,,,,,,,,,,,,,,,,,,,,,,,,,,,,,,,,
SenSchumer,@SenSanders,@SenWarren,@SenGillibrand,@SenatorTester,@SenFettermanPA,@SenTimKaine,@SenatorLujan,@SenMarkKelly,,,,,,,,,,,,,,,,,,,,,,,,,,,,,,,,
SenTedBuddNC,@SenMullin,@SenMarkey,@SenJackReed,@SenMarkKelly,@SenatorRicketts,,,,,,,,,,,,,,,,,,,,,,,,,,,,,,,,,,,
SenThomTillis,@ChuckGrassley,@SenatorRisch,@MikeCrapo,@SenKevinCramer,@SenTomCotton,@SenJoniErnst,@SenRonJohnson,@JerryMoran,@SenJohnHoeven,@SenJohnBarrasso,@SenatorWicker,@SenatorLankford,@SenatorCollins,@SenMikeLee,@JohnCornyn,@SenJohnKennedy,@SenatorFischer,@SenTuberville,@SenatorHassan,,,,,,,,,,,,,,,,,,,,,
SenKevinCramer,@SenJohnHoeven,@MarshaBlackburn,@SenatorBraun,@SenatorLankford,@MikeCrapo,@SenThomTillis,@SenatorRisch,@SenJohnKennedy,@SenatorWicker,@SenToddYoung,@SenJohnBarrasso,@JerryMoran,@SenCapito,@SenJohnThune,@SenatorFischer,@SenDanSullivan,@SenKatieBritt,@SenWhitehouse,@SenatorHeinrich,@SenAlexPadilla,@SenatorTester,@ChrisCoons,@SenatorLujan,@SenMullin,,,,,,,,,,,,,,,,
SenJohnHoeven,@MikeCrapo,@SenatorRisch,@SenJohnBarrasso,@JerryMoran,@SenatorFischer,@SenatorWicker,@JohnBoozman,@SenKevinCramer,@SenatorCollins,@SenThomTillis,@lisamurkowski,@SenMikeLee,@SenJohnThune,@SenCapito,@SenJoniErnst,@SenKatieBritt,@SenVancePress,@SenTedBuddNC,@SenEricSchmitt,@SenMullin,@SenatorHagerty,@SenTuberville,,,,,,,,,,,,,,,,,,
SenSherrodBrown,@SenBlumenthal,@SenWhitehouse,@MarkWarner,@maziehirono,@SenatorDurbin,@PattyMurray,@SenDuckworth,@SenBobCasey,@SenatorBaldwin,@ChrisCoons,@SenJeffMerkley,@SenGaryPeters,@SenatorCantwell,@RonWyden,@SenSchumer,@Senlaphonza,@RogerMarshallMD,@SenatorLujan,@SenPeterWelch,@SenFettermanPA,@SenTimKaine,@SenAlexPadilla,,,,,,,,,,,,,,,,,,
SenVancePress,,,,,,,,,,,,,,,,,,,,,,,,,,,,,,,,,,,,,,,,
SenatorLankford,@SenatorTimScott,@SenKevinCramer,@SenTomCotton,@SenRonJohnson,@SenMullin,@JohnCornyn,@SenThomTillis,@SenJoniErnst,@SenatorBraun,@SenJohnKennedy,@SenMikeLee,@SenJohnBarrasso,@SenatorRisch,@MikeCrapo,@SenRandPaul,@SenatorRicketts,@SenEricSchmitt,,,,,,,,,,,,,,,,,,,,,,,
SenMullin,@SenatorLankford,@SenCortezMasto,@SenatorSinema,@SenatorCollins,@SteveDaines,,,,,,,,,,,,,,,,,,,,,,,,,,,,,,,,,,,
SenJeffMerkley,@RonWyden,@ChrisMurphyCT,@SenWhitehouse,@SenSchumer,@SenBlumenthal,@PattyMurray,@SenatorDurbin,@MarkWarner,@SenGillibrand,@SenDuckworth,@maziehirono,@ChrisCoons,@ChrisVanHollen,@SenBobCasey,@SenSherrodBrown,@Senlaphonza,@SenFettermanPA,@SenTimKaine,@ossoff,,,,,,,,,,,,,,,,,,,,,
RonWyden,@SenJeffMerkley,@SenBlumenthal,@ChrisMurphyCT,@SenWhitehouse,@PattyMurray,@SenatorDurbin,@SenGillibrand,@MarkWarner,@maziehirono,@SenDuckworth,@ChrisCoons,@ChrisVanHollen,@SenSherrodBrown,@SenBobCasey,@SenatorCantwell,@SenJackReed,,,,,,,,,,,,,,,,,,,,,,,,
SenBobCasey,@ChrisMurphyCT,@SenSchumer,@SenBlumenthal,@SenatorDurbin,@PattyMurray,@SenWhitehouse,@MarkWarner,@SenatorTester,@maziehirono,@SenGillibrand,@ChrisVanHollen,@MikeCrapo,@SenSherrodBrown,@SenatorCardin,@SenFettermanPA,@SenTimKaine,,,,,,,,,,,,,,,,,,,,,,,,
SenFettermanPA,@SenWhitehouse,@maziehirono,@SenJeffMerkley,@PattyMurray,@SenSherrodBrown,@SenJackyRosen,@SenatorHick,@SenatorHeinrich,@SenBobCasey,@SenatorCarper,@SenDuckworth,@SenStabenow,@SenatorCardin,@SenatorLujan,@Senlaphonza,@SenatorShaheen,@ChrisMurphyCT,@SenTimKaine,@RonWyden,@SenatorBennet,@SenatorMenendez,@SenJackReed,@SenatorCantwell,@SenAngusKing,@SenatorBaldwin,@SenCortezMasto,@SenGaryPeters,,,,,,,,,,,,,
SenJackReed,@SenWhitehouse,@PattyMurray,@SenBlumenthal,@SenatorShaheen,@SenatorTester,@maziehirono,@SenatorCardin,@MikeCrapo,@SenGaryPeters,@SenAngusKing,@SenDuckworth,@RonWyden,@SenatorHeinrich,@SenatorWicker,@SenatorCollins,@SenStabenow,@SenSherrodBrown,@SenMarkKelly,@SenJackyRosen,@SenGillibrand,@SenWarren,@MarkWarner,@SenSchumer,@SenMarkey,,,,,,,,,,,,,,,,
SenWhitehouse,@ChrisMurphyCT,@SenBlumenthal,@SenatorDurbin,@maziehirono,@SenDuckworth,@SenPeterWelch,@SenFettermanPA,,,,,,,,,,,,,,,,,,,,,,,,,,,,,,,,,
JeffMerkley,@brianschatz,@RonWyden,@maziehirono,@ossoff,@ReverendWarnock,,,,,,,,,,,,,,,,,,,,,,,,,,,,,,,,,,,
SenatorTimScott,@SenTedCruz,@SenJohnKennedy,@MarshaBlackburn,@SenTomCotton,@SenKevinCramer,@SenMikeLee,@ChuckGrassley,@SenatorRicketts,@SenKatieBritt,@SenTedBuddNC,,,,,,,,,,,,,,,,,,,,,,,,,,,,,,
SenatorRounds,@SenJohnThune,@SenThomTillis,@SenKevinCramer,@SenatorRisch,@SenJoniErnst,@SenDanSullivan,@MikeCrapo,@SenatorLankford,@SenJohnHoeven,@JohnCornyn,@JerryMoran,@SenJohnBarrasso,@SenatorFischer,@SenatorWicker,@SenCapito,@lisamurkowski,@SenJohnKennedy,@SenatorBraun,@SenatorCollins,@JohnBoozman,@Senlaphonza,@SenFettermanPA,@SenMullin,@SenEricSchmitt,@SenTedBuddNC,@SenKatieBritt,@SenSanders,@SenatorMenendez,@SenAmyKlobuchar,@ChrisVanHollen,@SenRandPaul,@ChrisCoons,@ChrisMurphyCT,@SenatorLujan,@SenatorCarper,@SenatorHassan,@SenWarren,@SenDuckworth,@SenBooker,@SenCortezMasto
SenJohnThune,@SenatorTimScott,@SenKevinCramer,@SenRonJohnson,@SenatorRisch,@SenJohnBarrasso,@SenJohnHoeven,@SenMikeLee,@SenatorWicker,@JohnCornyn,@JerryMoran,@ChuckGrassley,@SenatorRounds,@SenatorLankford,@SenJoniErnst,@SenThomTillis,@SenatorFischer,@SenJohnKennedy,@MarshaBlackburn,@SteveDaines,@SenTedBuddNC,@SenMullin,@SenVancePress,@RogerMarshallMD,@SenatorHagerty,@SenatorRicketts,@SenEricSchmitt,@SenKatieBritt,@SenLummis,@SenatorTester,@HawleyMO,@SenRickScott,@SenHydeSmith,@JohnBoozman,@SenatorBraun,@BillCassidy,@SenToddYoung,@SenDanSullivan,@lisamurkowski,@SenTomCotton,
MarshaBlackburn,@HawleyMO,@SenTedCruz,@SenJohnKennedy,@ChuckGrassley,@SenatorRicketts,@SenBlumenthal,@SenTedBuddNC,@SenKatieBritt,,,,,,,,,,,,,,,,,,,,,,,,,,,,,,,,
SenatorHagerty,@MarshaBlackburn,@SenatorTimScott,@SenKevinCramer,@SenTuberville,@SenJohnKennedy,@SenatorBraun,@SenatorLankford,@SenKatieBritt,@SenJoniErnst,@SenJohnThune,@RogerMarshallMD,@SenRonJohnson,@SenatorRomney,@SenatorRicketts,@SenTedBuddNC,@SenRickScott,@SteveDaines,@SenLummis,,,,,,,,,,,,,,,,,,,,,,
JohnCornyn,@ChuckGrassley,@SenTedCruz,@MarshaBlackburn,@SenMikeLee,@SenRonJohnson,@SenTomCotton,@LeaderMcConnell,@SenJoniErnst,@MikeCrapo,@SenJohnKennedy,,,,,,,,,,,,,,,,,,,,,,,,,,,,,,
SenTedCruz,@MarshaBlackburn,@marcorubio,@ChuckGrassley,@SenTuberville,@SenatorRicketts,@SenEricSchmitt,@SenTedBuddNC,@SenLummis,@LeaderMcConnell,,,,,,,,,,,,,,,,,,,,,,,,,,,,,,,
SenMikeLee,@SenTedCruz,@ChuckGrassley,@SenatorTimScott,@SenJohnKennedy,@SenTomCotton,@marcorubio,@SenRonJohnson,@LeaderMcConnell,@SenTuberville,@SenTedBuddNC,@SenKatieBritt,@SenRandPaul,@SenRickScott,@SenatorBraun,@SenLummis,@SenatorSinema,@SenatorRomney,@MarshaBlackburn,,,,,,,,,,,,,,,,,,,,,,
SenatorRomney,@SenJohnKennedy,@SenKevinCramer,@MarshaBlackburn,@SenatorBraun,@SenAmyKlobuchar,@SenatorCollins,@SenGaryPeters,@SenRonJohnson,@MikeCrapo,@SenEricSchmitt,@SenTuberville,@SenKatieBritt,@SenTomCotton,@SenatorRounds,@SenatorRisch,@SenJoniErnst,@SenJohnHoeven,@SenatorRicketts,@SenPeterWelch,@SenMullin,@SenVancePress,@SenTedBuddNC,@SenAlexPadilla,@ossoff,@SenatorLujan,@SenMarkKelly,@SenatorHick,@RogerMarshallMD,@SenLummis,@SenatorHagerty,,,,,,,,,,
SenSanders,@SenWarren,@SenSchumer,@SenStabenow,,,,,,,,,,,,,,,,,,,,,,,,,,,,,,,,,,,,,
SenPeterWelch,@SenBlumenthal,@SenWhitehouse,,,,,,,,,,,,,,,,,,,,,,,,,,,,,,,,,,,,,,
SenTimKaine,@Senlaphonza,,,,,,,,,,,,,,,,,,,,,,,,,,,,,,,,,,,,,,,
MarkWarner,@SenBlumenthal,@SenGillibrand,@SenatorDurbin,@SenWhitehouse,@maziehirono,@PattyMurray,@SenDuckworth,@ChrisVanHollen,@SenFettermanPA,@SenKatieBritt,@SenTimKaine,@SenTinaSmith,,,,,,,,,,,,,,,,,,,,,,,,,,,,
SenatorCantwell,@PattyMurray,@ChrisMurphyCT,@SenWhitehouse,@SenBlumenthal,@maziehirono,@SenatorDurbin,@SenDuckworth,@SenGaryPeters,@SenatorTester,@SenJeffMerkley,@SenatorCardin,@ChrisVanHollen,@SenBobCasey,@RonWyden,@SenJackReed,@SenAngusKing,@SenSherrodBrown,@SenatorHick,@SenMarkKelly,,,,,,,,,,,,,,,,,,,,,
PattyMurray,@SenatorCantwell,@SenWarren,@SenBlumenthal,@ChrisMurphyCT,@SenatorDurbin,@SenWhitehouse,@maziehirono,@MarkWarner,@SenDuckworth,@SenGaryPeters,@SenGillibrand,@SenatorTester,@SenJackReed,@SenatorBaldwin,@SenJeffMerkley,@Senlaphonza,@SenatorLujan,@SenatorHick,@SenPeterWelch,@SenTimKaine,@SenAlexPadilla,@SenJackyRosen,@SenFettermanPA,@SenMarkKelly,,,,,,,,,,,,,,,,
SenCapito,@SenKevinCramer,@SenatorRisch,@JerryMoran,@SenatorFischer,@MikeCrapo,@SenJohnHoeven,@lisamurkowski,@SenJohnBarrasso,@SenatorWicker,@SenThomTillis,@SenatorLankford,@JohnCornyn,@SenJoniErnst,@JohnBoozman,@SenatorCollins,@SenJohnThune,@SenKatieBritt,@SenatorBraun,@SenGillibrand,@SenatorHagerty,@SenatorSinema,@SenatorRounds,@SenTuberville,@SenatorRomney,,,,,,,,,,,,,,,,
JoeManchinIII,,,,,,,,,,,,,,,,,,,,,,,,,,,,,,,,,,,,,,,,
SenatorBaldwin,@PattyMurray,@ChrisMurphyCT,@SenatorDurbin,@SenWhitehouse,@MarkWarner,@SenDuckworth,@SenBlumenthal,@SenatorTester,@SenGaryPeters,@maziehirono,@ChrisVanHollen,@SenSherrodBrown,@SenBobCasey,@SenatorCantwell,@SenMarkey,@SenFettermanPA,,,,,,,,,,,,,,,,,,,,,,,,
SenRonJohnson,@ChuckGrassley,@HawleyMO,@MarshaBlackburn,@SenJohnKennedy,@SenTedCruz,@SenTomCotton,@SenKevinCramer,@SenMikeLee,@SenatorTimScott,@SenKatieBritt,@SenRandPaul,@SenTedBuddNC,@SenMullin,,,,,,,,,,,,,,,,,,,,,,,,,,,
SenJohnBarrasso,@MikeCrapo,@SenatorRisch,@SenJohnHoeven,@JerryMoran,@SenatorWicker,@SenatorFischer,@ChuckGrassley,@JohnBoozman,@SenKevinCramer,@SenMikeLee,@SenRonJohnson,@SenThomTillis,@SenJohnThune,@SenatorCollins,@lisamurkowski,@SenatorLankford,@SenTuberville,@RogerMarshallMD,@SenatorRicketts,@SenKatieBritt,@SenEricSchmitt,@SenMullin,@SenatorHagerty,,,,,,,,,,,,,,,,,
SenLummis,@SenKevinCramer,@SenEricSchmitt,@SenTuberville,@SenatorBraun,@SenKatieBritt,@SenMullin,@SenVancePress,@SenGillibrand,@SenatorWicker,@SenThomTillis,,,,,,,,,,,,,,,,,,,,,,,,,,,,,,
